,Train,Validation,Test,Test-capture,Test-fission
R2 (log),0.9999999999818664,0.9997989046885906,0.9998032893914305,0.998266991932603,0.9999693434775925
Explained variance (log),0.9999999999818664,0.9998001277419726,0.9998047681462559,0.9982858560585827,0.9999693759128038
MAE (log),1.0506235293484568e-07,0.0157397587079264,0.015669950413299345,0.020663746732865376,0.005924692956390711
MSE (log),1.1112048289493028e-10,0.001232596353404,0.0011984783432944528,0.001663668027208714,0.000290673349670606
RMSE (log),1.0541370067260244e-05,0.0351083516190101,0.03461904596164447,0.040788086829474046,0.01704914513019952
R2 (barns),0.999999999993386,0.9985282898907027,0.9986601495455915,0.9986190553589219,0.9987225313526127
MAE (barns),1.2510339059981425e-07,0.0410255777380483,0.03870355772413545,0.04952674867619905,0.017582395469302067
MSE (barns^2),1.2228477382875414e-10,0.0283753760848241,0.024944227860952555,0.0308362097103518,0.013446185814492357
RMSE (barns),1.1058244608831649e-05,0.1684499215934046,0.15793741754553464,0.17560241943194235,0.11595768976006876
Median abs error (barns),2.220446049250313e-16,0.0044469695416697,0.004205674510816548,0.008951148084145221,1.9999999949227298e-07
Max error (barns),0.00190958773956,7.879200744250966,8.296973803312376,6.622776486453212,8.296973803312376
Mean % error,2.4191494768969826e-05,3.8408628095852224,3.8236365689231535,5.071557006338181,1.388353836085477
Median % error,1.6475360355521709e-13,1.1114462032923935,1.1087299693844153,1.9786680390226339,0.12424092599614837
Within 5% (%),100.0,79.2819540430628,79.33434794541054,72.24633032715747,93.16642120765832
Within 10% (%),100.0,90.36950175893816,90.34704722936054,86.70616203162145,97.45213549337261
Within 20% (%),100.0,96.73660836805468,96.71914373393878,95.46054865854119,99.17525773195877
