nuclide,capture,fission
Am241,0.49909205330215145,
Am242m,1.2498938900733267,
Am243,2.291637521357865,0.3462553017717076
Cl35,3.629359954105982,
Cl37,1.8100316163634969,
Cm242,2.9259015253998957,
Cm243,2.527415071267421,0.12856651868912036
Cm244,1.4045266507457714,0.39165563187334745
Cm245,0.8831524683579195,0.11045811043285172
Cm246,1.2625486321601396,0.21660155196837377
H1,0.24590734199107117,
H2,0.056661689513313865,
Np237,0.6831080450465532,0.4186189865526767
Pu238,1.485946446494934,0.8109982309619016
Pu239,1.6088537942625145,0.8050145965007296
Pu240,,1.9767624199564429
Pu241,,0.08692878907384803
Pu242,0.8743389466733006,1.1475780389846648
Th227,2.1069928828049678,0.6547097327577778
Th229,0.9802691207790823,0.2736835547208629
Th232,2.105942879354,1.7122313798105028e-12
U233,0.6076010543655945,0.2675891216116135
U234,,1.490744769247681
U236,2.2696334565230005,0.024235841089288626
U238,1.97569660966674,
